keyword,legal_name,num_uei,cage,physical_address,mailing_address,entity_url,start_date,contacts,state_country_incorporation,congressional_district
VETTA Solutions,VETTA SOLUTIONS INC.,XP7KJNLQRFP3,(blank),"2140 S Dupont HWY,Camden, Delaware,19934-1249, United States","6409 Fayetteville RD,STE 120-173,Durham, North Carolina,27713-6297, United States",,"Jan 9, 2023",['Elizabeth Bjornsen'],"Delaware, United States",Delaware 00
Fernleaf,STEPHANIE SANDEL,JAKYYFTPNB35,(blank),"35 Fernleaf TRL,Narragansett, Rhode Island,02882-2521, United States","35 Fernleaf Trail,Narragansett, Rhode Island,02882-2521, United States",,"Jan 2, 2001",['Stephanie Sandel'],"(blank), (blank)",Rhode Island 02
Fernleaf,LORRIE CRAWFORD INC,D8FCU4V6XTS3,8KDL7,"1708 Fernleaf CIR NW,Atlanta, Georgia,30318-1418, United States","1708 Fernleaf CIR NW,Atlanta, Georgia,30318-1418, United States",,"Sep 10, 2009",['Lorrie Crawford'],"Georgia, United States",Georgia 05
Fernleaf,LEE-ATM LLC,MV1MQZJVMCK3,6XSZ5,"604 Fernleaf AVE,Capitol Heights, Maryland,20743-6002, United States","604 Fernleaf AVE,Capitol Heights, Maryland,20743-6002, United States",,"Nov 9, 2012",['Wakysha Lee'],"Maryland, United States",Maryland 04
Fernleaf,ACE CAPITAL ENGINEERING,GWJ6PPJY35J5,8LQC7,"21771 Fernleaf DR,Lake Forest, California,92630-6095, United States","21771 Fernleaf DR,Lake Forest, California,92630-6095, United States",https://www.acecapitaleng.com/,"Sep 10, 2018","['Ali Mohammadi', 'Rana Allafchian']","California, United States",California 40
Fernleaf,"B.DIGITAL CONSULTING, LLC",QKAJX716NHZ9,95BU8,"222 SW Fernleaf TRL,Port St Lucie, Florida,34953-8212, United States","222 SW Fernleaf Trail,Port St Lucie, Florida,34953, United States",https://bdigital.social/,"Feb 18, 2021",['Bridgette Daley'],"Florida, United States",Florida 18
Fernleaf,CHIRPN INC,XQX8BZCAMGB5,8XLC8,"676 Fernleaf DR,Milpitas, California,95035-7990, United States","676 Fernleaf DR,Milpitas, California,95035-7990, United States",https://www.chirpn.com/,"Jan 20, 2015",['Vikas Batra'],"California, United States",California 17
Fernleaf,CONSUELO VICTOR,CJBQA2CFTET7,98XL3,"10257 Fernleaf DR,Moreno Valley, California,92557-2848, United States","10257 Fernleaf DR,Moreno Valley, California,92557, United States",https://cpnotaryservices.com/,"Jul 28, 2020",['Consuelo Victor'],"California, United States",California 41
Fernleaf,,,,"7806 Fernleaf Dr,Orlando, FL,32836-3747, USA",,,,[],,
Fernleaf,,,,"613 FERNLEAF AVENUE,CAPITOL HEIGHTS, MD,20743-6009, USA",,,,[],,
Fernleaf,FERNLEAF INTERACTIVE LLC,QFKPGW2SD6Z9,85SM2,"1 Haywood ST STE 401,Asheville, North Carolina,28801-2889, United States","1 Haywood ST, STE 445,Asheville, North Carolina,28801-2880, United States",,"Mar 13, 2014",['Sealy Stanley'],"North Carolina, United States",North Carolina 11
AxNano,AXNANO LLC,NMDVSFDSVCB4,6NXP3,"2901 E Gate City BLVD,STE 2200,Greensboro, North Carolina,27401-4901, United States","2901 E Gate City BLVD,STE 2200,Greensboro, North Carolina,27401-4901, United States",https://www.axnano.com/,"Aug 16, 2011","['Doug Speight', 'Alexis Carpenter']","Delaware, United States",North Carolina 06
Neuroene Therapeutics,NEUROENE THERAPEUTICS INC,FE9HTJ2TLGY5,7EGQ1,"3 Torrance CT,Kensington, Maryland,20895-2842, United States","3 Torrance CT,Kensington, Maryland,20895-2842, United States",,"Jan 1, 2022",['Sherine Chan'],"Delaware, United States",Maryland 08
ProVision,"PROTON THERAPY CENTER LLC, THE",XLH5EVMLWLD9,71RU9,"6450 Provision Cares WAY,Knoxville, Tennessee,37909-2544, United States","Provision Center For Proton Therapy,6450 Provision Cares WAY,Knoxville, Tennessee,37909-2544, United States",http://www.provisionproton.com/,"Feb 5, 2010","['Sherri Forester', 'Robert Vincill']","Tennessee, United States",Tennessee 02
ProVision,,,,"51 QUEEN AVE,ENOLA, PA,17025-2339, USA",,,,[],,
ProVision,,,,"5569 WENONAH DR,DALLAS, TX,75209-5521, USA",,,,[],,
ProVision,,,,"3006 GLENDALE AVE,DURHAM, NC,27704-3022, USA",,,,[],,
ProVision,,,,"1264 S VIRGINIA ST,RENO, NV,89502-2802, USA",,,,[],,
ProVision,,,,"15400 GRAND RIVER AVE STE 17,DETROIT, MI,48227-4124, USA",,,,[],,
ProVision,,,,"1108 VALMAR ST,null,LITTLE ROCK, AR,72204-2174, USA",,,,[],,
ProVision,,,,"5458 E BROAD ST,GIBBSTOWN, NJ,08027, USA",,,,[],,
ProVision,,,,"4823 INDIO TRL,LAKE WORTH, FL,33467-7413, USA",,,,[],,
ProVision,,,,"204 N WEST ST,ROCKWALL, TX,75087-3002, USA",,,,[],,
SafetySpect,SAFETYSPECT INC,VF8ZC4A4ZWL9,7YNG7,"4200 James Ray DR,Grand Forks, North Dakota,58202-6090, United States","4200 James Ray Drive,Grand Forks, North Dakota,58202, United States",https://www.safetyspect.com/,"Aug 5, 2016","['Kenneth Barton', 'Fartash Vasefi', 'Shea Olson']","Delaware, United States",North Dakota 00
BioSieve,,,,"867 ASHBURY ST APT 2,SAN FRANCISCO, CA,94117-4445, USA",,,,[],,
Medonect,"MEDONECT THERAPEUTICS, INC.",WMHJS3TMZN45,8R4D3,"3360 E Foothill BLVD APT 446,Pasadena, California,91107-6068, United States","3360 E Foothill BLVD APT 446,Pasadena, California,91107-6068, United States",,"Jun 24, 2019",['Ziad Gerges'],"California, United States",California 27
Radiant Dx Inc,RADIANT DX INC.,U6TJRX9B3FX5,9NJU1,"5604 Centennial DR,Durham, North Carolina,27712-1236, United States","5604 Centennial DR,Durham, North Carolina,27712-1236, United States",,"Jun 21, 2023",['Steven Metzger'],"Delaware, United States",North Carolina 04
LOGOS LLC,"LOGOS ENTERTAINMENT, LP",XW5XNM87CTA3,84F69,"30 Colgate DR,Rancho Mirage, California,92270-3723, United States","30 Colgate Drive,Rancho Mirage, California,92270, United States",https://b2bvb.com/,"Jan 15, 2009",['Carole Krechman'],"California, United States",California 36
LOGOS LLC,FOUR SISTERS LLC,LFTRHK8ZM8L6,7TXE7,"2596 Brighton CIR,Biloxi, Mississippi,39531-2748, United States","2596 Brighton CIR,Biloxi, Mississippi,39531-2748, United States",https://www.foundationsbrafittings.com/,"Oct 1, 2014",['Melissa Logos'],"Mississippi, United States",Mississippi 04
LOGOS LLC,"LOGOS ENTERPRISES, INC",KQZ4R392RZQ3,1ZCQ0,"360 Quality CIR NW Unit B220,Huntsville, Alabama,35806-4548, United States","360B Quality CIR NW,Suite 220,Huntsville, Alabama,35806, United States",https://www.logos-ent.com/,"Nov 29, 2000","['Randall Wood', 'Wendy Cousins', 'Lori Brooks']","Alabama, United States",Alabama 05
LOGOS LLC,,,,"4729 CONCORD VILLAGE DR,LAS VEGAS, NV,89108, USA",,,,[],,
LOGOS LLC,,,,"1025 ADAMS CIR,BOULDER, CO,80303-1821, USA",,,,[],,
LOGOS LLC,,,,"747 W 18th St Ste B,null,Houston, TX,77008-3529, USA",,,,[],,
LOGOS LLC,,,,"245 HILL RD,null,ROME, NY,13441-4203, USA",,,,[],,
LOGOS LLC,,,,"842 HILLBURN DR,DALLAS, TX,75217-4623, USA",,,,[],,
LOGOS LLC,,,,"847 E Wilson St,null,Batavia, IL,60510-2204, USA",,,,[],,
LOGOS LLC,,,,"1951 NW 7TH AVE,MIAMI, FL,33136-1128, USA",,,,[],,
Acadian R&D,ACADIAN RESEARCH & DEVELOPMENT LLC,Y3M9AQF9LKJ4,8GTH3,"1482 Commerce DR,Unit X,Laramie, Wyoming,82070-7041, United States","1482 Commerce DR Unit X,Laramie, Wyoming,82070-7041, United States",https://acadianrd.com/,"Nov 7, 2019",['Anthony Richard'],"Wyoming, United States",Wyoming 00
LevoSens,"LEVOSENS, INC.",Z2X8FX7ST8L7,10Q27,"123 W Franklin ST STE 550,Chapel Hill, North Carolina,27516-2506, United States","123 W Franklin ST STE 550,Chapel Hill, North Carolina,27516-2506, United States",,"Feb 28, 2025",['David Probst'],"North Carolina, United States",North Carolina 04
IAFA,,,,"1712 MAIN ST,FRYEBURG, ME,04037-4327, USA",,,,[],,
Neuraville Inc.,NEURAVILLE INC.,FZ6EVLX5CM89,8SDJ7,"211 S Craig ST,Pittsburgh, Pennsylvania,15213-3704, United States","211 S Craig ST,Pittsburgh, Pennsylvania,15213-3704, United States",https://www.neuraville.com/,"Apr 1, 2023",['Mohammad Nadji'],"Delaware, United States",Pennsylvania 12
Archerfish,"ARCHERFISH TECHNOLOGIES, LLC",YVN5Z87KN5G5,3BXV0,"2809 Stonehaven DR,Fort Collins, Colorado,80525-5684, United States","2809 Stonehaven Drive,Fort Collins, Colorado,80525-5684, United States",,"Mar 1, 2001",['Perry Wischow'],"Colorado, United States",Colorado 02
Creekside Environmental Products LLC,CREEKSIDE ENVIRONMENTAL PRODUCTS LLC,ESP6ZKMSMQK8,7VKQ5,"1 Southern Cswy,Starkville, Mississippi,39759-8789, United States","1 Southern Cswy,Starkville, Mississippi,39759-8789, United States",,"May 26, 2016",['Todd Mlsna'],"Mississippi, United States",Mississippi 03
TITAN,"TITAN ELECTRONICS, INC",HTJLCK7D99A9,3HDS7,"616 W Monroe ST Lbby 3,Chicago, Illinois,60661-3612, United States","616 W Monroe ST Lbby 3,Chicago, Illinois,60661-3612, United States",,"Jan 1, 1995","['Mark Apel', 'Douglas Buettgen']","Illinois, United States",Illinois 07
TITAN,TITAN TIRE CORPORATION,TN8RHWAJ9MJ8,08SN2,"2345 E Mkt,Des Moines, Iowa,50317-0000, United States","2345 E. Market Street,Des Moines, Iowa,50317-7528, United States",,"Jul 13, 1994","['Scott Jones', 'Craig Warren', 'Randy Dodd']","Illinois, United States",(blank)
TITAN,4CAST INC,QN4FBZHGP5W7,88E47,"259 W Front ST STE 6,Missoula, Montana,59802-4342, United States","1455 Pennsylvania AVE NW,STE 400,Washington Dc, District Of Columbia,20004-1017, United States",https://4castai.com/,"Jun 24, 2018","['Nissim Titan', 'Meital Ainhorn']","Montana, United States",Montana 01
TITAN,STORAGE EQUIPMENT CO INC,PMQ2XG6KQXQ5,67646,"1258 Titan DR,Dallas, Texas,75247-3799, United States","1258 Titan DR,Dallas, Texas,75247-3712, United States",,"May 1, 1955","['Patricio Frutos', 'Timothy Mcsorley']","Texas, United States",Texas 33
TITAN,UPDATED AUTO LLC,CRVVJD21AS71,9Y6D1,"3095 S Highland DR,Las Vegas, Nevada,89109-1048, United States","3095 S Highland DR,Las Vegas, Nevada,89109-1048, United States",,"Jun 21, 2024",['Titan Garland'],"Nevada, United States",Nevada 01
TITAN,TITAN CONTROLS LLC,N4P6NRC5A971,4HP47,"20042 Fm 523,Angleton, Texas,77515-8874, United States","20042 FM-523,Angleton, Texas,77515-8874, United States",http://www.titan-controls.com/,"Jan 30, 2006","['Kent Manns', 'Jose Calzada']","Texas, United States",Texas 14
TITAN,"COMFORT HOUSE, INC.",USBJP87F9KV4,6L4N8,"2450 Titan Row,Orlando, Florida,32809-6946, United States","2450 Titan Row,Orlando, Florida,32809-6946, United States",,"Oct 1, 1969",['John Sharp'],"Florida, United States",Florida 05
TITAN,TITAN TECHNOLOGY SOLUTIONS LIMITED,UDG6HGJMVZC7,SGC02,"27 Coill Diarmada Ard A Laoi,Castledermot,Co. Kildare, Co. Kildare,(blank), Ireland","Unit W10H Tougher Business Park,Naas, County Kildare,COUNTY KILDARE, Ireland",http://www.titan-ts.com/,"Mar 12, 2008","['Gunter Bayer', 'Justin Mcentee']","(blank), Ireland",Not Applicable
TITAN,"TITAN MACHINE, LLC",F7DCQHB96GJ7,7WLB5,"8816 W Sheepneck RD,Mount Pleasant, Tennessee,38474-2074, United States","8816 W Sheepneck RD,Mount Pleasant, Tennessee,38474-2074, United States",,"May 23, 2017","['Austin Hedrick', 'Casey Hedrick']","Tennessee, United States",Tennessee 04
TITAN,,,,"Mashynobudivnykiv, 1,Chabany,08162, UKR",,,,[],,
Origin Endoscopy Inc.,ORIGIN ENDOSCOPY INC.,FNG7WGQLJ2U6,(blank),"1812 Ashland AVE STE 100,Baltimore, Maryland,21205-1546, United States","1812 Ashland AVE STE 100,Baltimore, Maryland,21205-1546, United States",,"Sep 20, 2022",['Jeremy Starkweather'],"Delaware, United States",Maryland 07
Kappa Technologies,"KAPPA TECHNOLOGIES, INC",QNEHVLTQGQ37,9DVA7,"917 Lora LN,Blacksburg, Virginia,24060-2815, United States","917 Lora LN,Blacksburg, Virginia,24060-2815, United States",https://kappatech.ai/,"May 11, 2022",['Andrew Choi'],"Delaware, United States",Virginia 09
IntelliFarm,"INTELLIFARM, INC.",NXW6HDP3K7H5,7FKF3,"2021 Transformation DR STE 1250,Lincoln, Nebraska,68508-1653, United States","2021 Transformation DRIVE, STE 1250,Lincoln, Nebraska,68508-1653, United States",,"Jun 17, 2015",['Kris Vrooman'],"Nebraska, United States",Nebraska 01
Temporary,,,,"OAKFIELD MANOR FARM,CHELFORD LANE,KNUTSFORD,WA16 8UQ, GBR",,,,[],,
Temporary,,,,"241 CONIFER CLIFF DR,MONTGOMERY, TX,77316-2184, USA",,,,[],,
Temporary,,,,"2807 Race St,Fort Worth, TX,76111-4103, USA",,,,[],,
Temporary,,,,"227 Ave Roosevelt,San Juan, PR,00918, USA",,,,[],,
Temporary,,,,"733 W MAIN ST,MORRISTOWN, TN,37814-4510, USA",,,,[],,
Temporary,,,,"179 S WINOOSKI AVE STE 4,null,BURLINGTON, VT,05401-4594, USA",,,,[],,
Temporary,,,,"839 W 66TH ST,LOS ANGELES, CA,90044-5309, USA",,,,[],,
Temporary,"THREE RIVERS UNITED TEMPORARY HOUSING, INC.",SRB8LL4ULXX6,8UZQ5,"328 E. Washington AVE.,Tomahawk, Wisconsin,54487-1548, United States","328 E Washington AVE.,P.O. Box 423,Tomahawk, Wisconsin,54487, United States",,"May 2, 2014",['Maggie Heykes'],"Wisconsin, United States",Wisconsin 07
Temporary,,,,"10473 CORBEIL DR,SAINT LOUIS, MO,63146-5909, USA",,,,[],,
GolfDr,"DRIVE HEALTH SOLUTIONS, LLC",YE16YSAYMX45,(blank),"527 Belgian Red WAY,Wake Forest, North Carolina,27587-3056, United States","14460 Falls Of Neuse RD STE 149-210, RALEIGH, Nc 27614,Raleigh, North Carolina,27614, United States",https://www.drivept.com/,"Oct 25, 2021",['Valerie Maio'],"North Carolina, United States",North Carolina 02
Scout,WORDTHEATRE,YCHPV6FD6VA9,(blank),"2564 Via Tejon,Palos Verdes Estates, California,90274-1348, United States","11801 Brookdale LN,Studio City, California,91604, United States",https://www.wordtheatre.org/,"Jun 26, 2007",['Scout Riley'],"California, United States",California 36
Scout,EVERGO TRADING COMPANY INC.,DK4KXCKS7LG5,SDAJ3,"76 Scout Tuazon Street Corner Scout Borromeo STREET, South Triangle,Quezon,1103, Philippines","76 Scout Tuazon Street Corner Scout Borromeo STREET, South Triangle,Quezon,1103, Philippines",,"Mar 5, 1996","['Anthony Lim', 'Joan Lim']","(blank), Philippines",Not Applicable
Scout,SCOUT LAKE CONSTRUCTION INC,FVWKVFXA3L66,60TP4,"830 Nagler RD,Selah, Washington,98942-9596, United States","PO Box 1060,Selah, Washington,98942, United States",http://www.scout-lake.com/,"Sep 14, 2004","['Rod Chumley', 'Erick Bond']","Washington, United States",Washington 04
Scout,"SCOUT SOURCING, LLC",UFGLHJCJ43C8,7CNY4,"2340 S River RD STE 309,Des Plaines, Illinois,60018-3224, United States","2340 South River RD STE 309,Des Plaines, Illinois,60018-3224, United States",https://scout-forward.com/,"Mar 8, 2006",['Kelly Lopez'],"Illinois, United States",Illinois 08
Scout,MARINE DIESEL SERVICES LLC,NUHFSYMQDD54,9HZT4,"325 NE 11TH ST,Newport, Oregon,97365-2918, United States","325 NE 11TH ST,Newport, Oregon,97365-2918, United States",,"Oct 27, 2022",['Scout Hockema'],"Oregon, United States",Oregon 04
Scout,NORTHSIDE NETWORKS LLC,M7VLVUQNV3B4,11MA3,"525 N Orange,Mesa, Arizona,85201-5608, United States","525 N Orange,Mesa, Arizona,85201-5608, United States",,"Nov 9, 2019",['Scout Gardner'],"Arizona, United States",Arizona 04
Scout,,,,"BEIRUT ACHRAFIEH SASSINE,BUILDING: DIRANI FLOOR GROUND,BEIRUT,(blank), LBN",,,,[],,
Scout,INLAND NORTHWEST COUNCIL BOY SCOUTS OF AMERICA,YPRZGE15BDB6,71SD0,"411 W Boy Scout WAY,Spokane, Washington,99201-2243, United States","411 W Boy Scout WAY,Spokane, Washington,99201-2243, United States",https://www.nwscouts.org/,"Oct 30, 1922","['Matthew Troxel', 'Marcia Hunt']","Washington, United States",Washington 05
Scout,WEST COAST-ACCUDYNE INC.,FFR6QKAMJBU3,1YZ18,"7180 Scout AVE,Bell, California,90201-3202, United States","7180 S Scout AVE,Bell Gardens, California,90201-3202, United States",http://www.accudyneeng.com/,"Sep 1, 1980",['Mark Pedersen'],"California, United States",California 40
Scout,INLAND NORTHWEST COUNCIL BOY SCOUTS OF AMERICA,YPRZGE15BDB6,71SD0,"411 W Boy Scout WAY,Spokane, Washington,99201-2243, United States","411 W Boy Scout WAY,Spokane, Washington,99201-2243, United States",https://www.nwscouts.org/,"Oct 30, 1922","['Matthew Troxel', 'Marcia Hunt']","Washington, United States",Washington 05
Predictive LLC,"PREDICTIVE SERVICE, LLC",YLCGW6Y1AC59,4EY46,"25200 Chagrin BLVD STE 300,Cleveland, Ohio,44122-5837, United States","25200 Chagrin BLVD., Suite 300,Beachwood, Ohio,44122-5684, United States",http://www.predictiveservice.com/,"Jul 1, 2002","['Brenda Stein', 'Donald Frankel', 'John Harman']","Ohio, United States",Ohio 11
Predictive LLC,,,,"412 SHELLCASTLE RD,ROCKY MOUNT, NC,27804-7709, USA",,,,[],,
Predictive LLC,,,,"2 JACQUELINE DR,DOVER, NH,03820-5019, USA",,,,[],,
Predictive LLC,,,,"5900 BALCONES DR,SUITE 100,AUSTIN, TX,78731-4298, USA",,,,[],,
Predictive LLC,,,,"951 20TH ST,UNIT 13467,DENVER, CO,80201-5386, USA",,,,[],,
Predictive LLC,PREDICTIVE LLC,LDHKC12HSJ86,8DKY3,"2806 Treasures LN,Raleigh, North Carolina,27614-7631, United States","2806 Treasures LN,Raleigh, North Carolina,27614-7631, United States",https://www.predictive-llc.com/,"May 16, 2019",['Kevin Causey'],"North Carolina, United States",North Carolina 02
Predictive LLC,PREDICTIVE ONCOLOGY INC.,MXZDAK9SUMC4,6JVK8,"91 43RD ST STE 110,Pittsburgh, Pennsylvania,15201-3161, United States","91 43RD ST STE 110,Pittsburgh, Pennsylvania,15201-3161, United States",http://www.predictive-oncology.com/,"Apr 9, 2002","['Jeremy Yaukey', 'Molly Lander']","Delaware, United States",Pennsylvania 12
Predictive LLC,PREDICTIVE SOLUTIONS ENGINEERING LLC,F77NL92HUXM6,5RV07,"1 S Church AVE STE 1750,Tucson, Arizona,85701-1612, United States","1 S Church AVE STE 1750,Tucson, Arizona,85701-1612, United States",http://www.predictive-se.com/,"Sep 9, 2009","['Reginald Vaughn', 'Monica Foster']","Arizona, United States",Arizona 07
Predictive LLC,PREDICTIVE HEALTHCARE,K6W8ZYXG4L25,122E1,"143 Great ROAD, STE 2,Bedford, Massachusetts,01730-2743, United States","143 Great ROAD, STE 2,Bedford, Massachusetts,01730, United States",https://www.predictivecare.ai/,"Jan 1, 2022",['Talal Ali'],"Massachusetts, United States",Massachusetts 06
Immutiverse,"IMMUTIVERSE, INC.",ZTSPKR7PX999,9ZXN2,"609 Capitol Mall Unit 527,Sacramento, California,95814-4781, United States","447 Sutter Street,Suite 405 #390,San Francisco, California,94108, United States",,"May 9, 2024",['Jeanine Johnson'],"Delaware, United States",California 07
Patient Premier,PATIENT PREMIER LLC,V4ATMAJ4CWM5,8JTY9,"7006 Rock Stream CT,Baltimore, Maryland,21209-3745, United States","2833 Smith AVE.,Suite 237,Baltimore, Maryland,21209, United States",https://www.patientpremier.com/,"Jun 20, 2017",['Amar Setty'],"Maryland, United States",Maryland 03
CurieDx,"CURIEDX, INC",QUJ8BQ1CFAS2,95J39,"634 Regester AVE,Baltimore, Maryland,21212-1917, United States","101 W. Chesapeake AVE,#27440,Towson, Maryland,21285, United States",https://www.curiedx.com/,"Feb 23, 2021",['Therese Canares'],"Maryland, United States",Maryland 02
AxNano LLC,AXNANO LLC,NMDVSFDSVCB4,6NXP3,"2901 E Gate City BLVD,STE 2200,Greensboro, North Carolina,27401-4901, United States","2901 E Gate City BLVD,STE 2200,Greensboro, North Carolina,27401-4901, United States",https://www.axnano.com/,"Aug 16, 2011","['Doug Speight', 'Alexis Carpenter']","Delaware, United States",North Carolina 06
Fetal Therapy Technologies,FETAL THERAPY TECHNOLOGIES LLC,PKFAVKTBQMN9,0QE35,"7207 Verbena RD,Baltimore, Maryland,21209-1035, United States","7207 Verbena RD,Baltimore, Maryland,21209, United States",,"May 8, 2024",['Selena Shirkin'],"Maryland, United States",Maryland 02
Tastee Tape,"TASTEE TAPE, INC.",G3GNQMXESNU3,114L3,"14560 Kittridge ST,Los Angeles, California,91401, United States","7 Penn Plaza,9TH Floor,New York City, New York,10001-3992, United States",,"May 28, 2024",['Marie Eric'],"Delaware, United States",California 29
NanOS,GREENLIGHT FAMILY SERVICES,KY4EGXAYBD13,6GNV7,"4809 N Ravenswood AVE Unit 322,Chicago, Illinois,60640-4417, United States","4809 North Ravenswood Avenue,Suite 322,Chicago, Illinois,60640, United States",http://www.greenlightfamilyservices.org/,"Dec 2, 2003",['Maria Nanos'],"Illinois, United States",Illinois 09
NanOS,"KIND HEALTH GROUP, A MEDICAL CORPORATION",MVC5X9SSLNK8,9MBY2,"351 Santa Fe DR,STE 220,Encinitas, California,92024-5137, United States","351 Santa Fe DR,STE 220,Encinitas, California,92024-5137, United States",https://kindhealthgroup.com/,"Jul 17, 2017","['Georgine Nanos', 'Kind Health']","California, United States",California 49
NanOS,"NANOS, INC.",CUV2YSQMUXN7,(blank),"11219 Anderson ST,Loma Linda, California,92354-2803, United States","11219 Anderson Street,Loma Linda, California,92354-2803, United States",,"Nov 26, 2023",['Arlin Blood'],"California, United States",California 23
NanOS,"NANOS TECHNOLOGIES,LLC",H2K2F3M3A3W8,5SR46,"2306 Longview DR,Columbia, Missouri,65203-7239, United States","2306 Longview Drive,Columbia, Missouri,65203-7239, United States",,"May 1, 2009",['Keshab Gangopadhyay'],"Missouri, United States",Missouri 04
Viburnum,,,,"1 Missouri Ave,null,Viburnum, MO,65566, USA",,,,[],,
Viburnum,"VIBURNUM, CITY OF",W6PANBCA3M58,5QJ85,"1 Missouri AVE,Viburnum, Missouri,65566-8633, United States","1 Missouri AVE,Viburnum, Missouri,65566-8633, United States",,"Jan 1, 1967",['Daniel Lozano'],"(blank), (blank)",Missouri 08
Viburnum,"DISABLED CITIZENS ALLIANCE FOR INDEPENDENCE FOUNDATION, INC.",ZS8LQM5LB6V5,8SW21,"8 Missouri AVE,Viburnum, Missouri,65566-8633, United States","PO Box 706,Viburnum, Missouri,65566-0706, United States",,"Mar 12, 1997","['Tammie Barrett', 'Ronda Payne']","Missouri, United States",Missouri 08
Viburnum,CONSOLIDATED SCHOOL DISTRICT NO. 4,V3BNZKXJWKU3,5QPE0,"35 Highway 49,Viburnum, Missouri,65566-1001, United States","35 HWY 49,Viburnum, Missouri,65566-1001, United States",,"Jul 1, 1966","['Mary Yanske', 'Beverly Gibbs']","Missouri, United States",Missouri 08
Viburnum,MARTECH SYSTEMS INC,JAACFNEJK5U4,1H5M0,"35 Viburnum CT,Trenton, New Jersey,08648-4809, United States","35 Viburnum Court,Lawrenceville, New Jersey,08648-4809, United States",http://www.martechsystems.com/,"Sep 15, 1996","['John Huchler', 'Loraine Huchler']","Delaware, United States",New Jersey 12
Viburnum,DISABLED CITIZENS ALLIANCE FOR INDEPENDENCE INC,L58JLNEE4ZP8,5R4J1,"8 Missouri AVE,Viburnum, Missouri,65566-8633, United States","PO Box 675,Viburnum, Missouri,65566-8633, United States",https://dcai.us/,"Oct 1, 1980","['Dennis Atkins', 'Tammie Barrett', 'Ronda Payne']","Missouri, United States",Missouri 08
Viburnum,,,,"4 SAINT JOSEPH ST,VIBURNUM, MO,65566-8602, USA",,,,[],,
Viburnum,A & D SMITH INVESTMENT LLC,PXN2HXCYQJ44,9V0N5,"5102 Viburnum CT,Indian Head, Maryland,20640-3727, United States","5102 Viburnum CT,Indian Head, Maryland,20640, United States",,"Nov 18, 2019",['Dominick Smith'],"Maryland, United States",Maryland 05
Viburnum,JOANN LARUE,DLV7PN7B8C21,8WRQ0,"8500 Viburnum AVE,California City, California,93505-4128, United States","8500 Viburnum AVE,California City, California,93505-4128, United States",,"Jun 1, 2020",['Joann Larue'],"California, United States",California 23
Viburnum,"FOCUS ON FIRE PREVENTION, INC.",EF3GEHM512C5,6P1Z4,"14357 Viburnum LN,Orlando, Florida,32828-7202, United States","14357 Viburnum Lane,Orlando, Florida,32828-7202, United States",,"Feb 1, 2012","['Joe Bateman', 'Ken Lauziere']","Florida, United States",Florida 09
"Molecular Rebar Design, LLC",MOLECULAR REBAR DESIGN LLC,LL34B99KR2R4,6W5Y4,"13477 Fitzhugh RD,Austin, Texas,78736-6514, United States","1040 Polo Club DR,Austin, Texas,78737-2635, United States",https://www.molecularrebar.com/,"Sep 1, 2012",['Kurt Wil'],"Delaware, United States",Texas 21
CRS,RED RIVER FARMS,RPNLNKP43BK3,78GB4,"16100 Crs,Childress, Texas,79201, United States","16100 Crs,Childress, Texas,79201, United States",,"Nov 1, 1992",['Rickey Husband'],"Texas, United States",Texas 13
CRS,,,,"1299 LOUISIANA AVE,AKRON, OH,44314-2224, USA",,,,[],,
CRS,,,,"3174 SMILEY RD,BRIDGETON, MO,63044-3042, USA",,,,[],,
CRS,,,,"1059 EAGON ST,BARBERTON, OH,44203-1603, USA",,,,[],,
CRS,,,,"720 E OMAHA ST,RAPID CITY, SD,57701-1609, USA",,,,[],,
CRS,,,,"10306 REMINGTON DR,FL 2,HAGERSTOWN, MD,21740-1483, USA",,,,[],,
CRS,,,,"215 JAMESTOWN PARK STE 201,BRENTWOOD, TN,37027-7500, USA",,,,[],,
CRS,,,,"900 RUE DE LA PAIX UNIT 100,null,CINCINNATI, OH,45220-1049, USA",,,,[],,
CRS,,,,"2710 NW SHERLOCK AVE,PORTLAND, OR,97210-1545, USA",,,,[],,
CRS,,,,"2714 S GENESEE AVE,LOS ANGELES, CA,90016-2416, USA",,,,[],,
Collective Good,COLLECTIVE GOOD FOUNDATION,E6YRCJKMW4N5,2696Y,"3RD Floor,Nadathur Place,Bangalore, Karnataka,560011, India","2ND FLOOR, Jagdamba House,Goregaon East,Mumbai, Maharashtra,400063, India",http://www.collectivegood.in/,"Nov 22, 2006",['Madhu Bahl'],"(blank), India",Not Applicable
Collective Good,"COLLECTIVE GOOD DX, INC.",WFJSEBW4LND5,9CFM7,"4205 Cranmore CT,Belle Isle, Florida,32812-3627, United States","740 Tinkerbell Road,Chapel Hill, North Carolina,27517, United States",https://www.collectivegood.io/,"Jun 8, 2022",['Drew Narayan'],"Delaware, United States",Florida 09
Collective Good,THE COLLECTIVE GOOD LLC,FYU3DUE2M728,86K15,"5425 Wisconsin AVE STE 600,Chevy Chase, Maryland,20815-3588, United States","5425 Wisconsin AVE,STE 600,Chevy Chase, Maryland,20815-3588, United States",,"Jan 7, 2015","['Britt Bumphus', 'Charis Seiver']","Maryland, United States",Maryland 08
Vinculum,VINCULUM CARE LLC,KQERJZAJ8GE8,9UAA7,"5314 Lakeshore RD,Fort Gratiot, Michigan,48059-3118, United States","5316 Lakeshore RD,Fort Gratiot, Michigan,48059, United States",https://vinculumcare.com/,"Apr 1, 2019",['Elia Hussain'],"Michigan, United States",Michigan 09
Vinculum,VINCULUM INC,J4HUFCJMYHX3,6SXW5,"49 Radcliffe DR,Southampton, Pennsylvania,18966-1546, United States","110 E Pennsylvania BLVD,Feasterville, Pennsylvania,19053, United States",https://www.vinculuminc.com/,"Oct 18, 2001",['Sangeeta Kalantri'],"Pennsylvania, United States",Pennsylvania 08
Vinculum,VINCULUM SOLUTIONS INC,LRQPWXML9H65,34KW2,"2 Augusta DR,Oak Island, North Carolina,28465-8309, United States","2515 Chinquapin Ridge CT,Prince Frederick, Maryland,20678-4759, United States",http://www.vinculumsolutions.com/,"Apr 29, 1996",['Bruce Pitt'],"Maryland, United States",North Carolina 07
Sorbenta,SORBENTA INC,JBJ7EF1MD9P1,(blank),"1538 Pathway DR,Carrboro, North Carolina,27510-4100, United States","1710 E Franklin ST Num 1129,Chapel Hill, North Carolina,27514, United States",,"Aug 29, 2022","['Irene Harmody', 'Orlando Coronell']","North Carolina, United States",North Carolina 04
ORintelligence,ORINTELLIGENCE LLC,ZKUQD8D1H9D3,79T42,"55 Waugh DR,STE 150,Houston, Texas,77007-6033, United States","2125 Augusta DR,APT 28,Houston, Texas,77057-2039, United States",,"Oct 20, 2014",['Marc Garbey'],"Texas, United States",Texas 02
"MelaTech, LLC","MELATECH, L.L.C.",UFHYM6EJN7L3,8BVY8,"615 N Wolfe ST,STE E5132,Baltimore, Maryland,21205-2103, United States","1 N Haven ST,B004,Baltimore, Maryland,21224-1614, United States",https://https//WWW.MELATECH.SPACE,"Apr 17, 2017","['Lisa Walborn', 'Radames Cordero']","Maryland, United States",Maryland 07
Metaware LLC,,,,"4110 SOUTHPOINT BLVD STE 125,JACKSONVILLE, FL,32216-0926, USA",,,,[],,
Nuream,"NUREAM, INC.",YXLZAUBSQZK1,9NA90,"1627 Pembroke Jones DR,Wilmington, North Carolina,28405-4218, United States","1627 Pembroke Jones DR,Wilmington, North Carolina,28405-4218, United States",https://www.nuream.com/,"Apr 24, 2023","['Robert Cooley', 'Nathan Munton']","Delaware, United States",North Carolina 07
UNMUTED,PRECIOUS JEWELS OF GOD,VD5CWE5SELA5,9WVQ9,"111 N Wabash AVE STE 100,Chicago, Illinois,60602-1903, United States","111 N Wabash AVE STE 100,Chicago, Illinois,60602-1903, United States",,"May 15, 2023",['Ericka Dozie'],"Illinois, United States",Illinois 07
UNMUTED,"UNMUTED CONSUMER INSIGHTS, LLC",XXRXF9MSF4L1,91J44,"36275 Crompton CIR,Farmington Hills, Michigan,48335-2010, United States","36275 Crompton CIR,Farmington Hills, Michigan,48335-2010, United States",https://unmutedci.com/,"Feb 8, 2021",['Bridget Millar'],"Michigan, United States",Michigan 11
Higher Grounds,"HIGHER GROUNDS TRAVERSE CITY, INC",LQFJME12Q3H7,8F0E5,"806 Red DR STE 150,Traverse City, Michigan,49684-4722, United States","806 Red DR STE 150,Traverse City, Michigan,49684-4722, United States",,"Sep 27, 2002",['Mike Anderson'],"Michigan, United States",Michigan 01
Minerva,MINERVA PUBLIC LIBRARY,DHQ5J2BEPJG6,507D7,"677 Lynnwood DR,Minerva, Ohio,44657-1250, United States","677 Lynnwood DR.,Minerva, Ohio,44657-1250, United States",https://www.minervalibrary.info/,"Mar 24, 1913","['Heather Husted', 'Jason Bumbico']","(blank), (blank)",Ohio 06
Minerva,MINERVA CHANDLER & ASSOCIATES LLC,D3JBH31X4YN4,956G4,"14635 Monmouth Drive,Burtonsville, Maryland,20866-1926, United States","14635 Monmouth Drive,Burtonsville, Maryland,20866-1926, United States",,"Sep 13, 2011",['Minerva Chandler'],"Maryland, United States",Maryland 03
Minerva,"OVER THE RAINBOW LEARNING CENTER, INC.",KNF6KBSMFBW8,6H1J0,"1269 Plainfield ST,Johnston, Rhode Island,02919-6924, United States","1269 Plainfield ST,Johnston, Rhode Island,02919-6924, United States",,"Oct 16, 2006",['Minerva Waldron'],"Rhode Island, United States",Rhode Island 02
Minerva,MINERVA LOCAL SCHOOLS,G77HD89JDNW4,5R6W5,"406 East ST,Minerva, Ohio,44657-1429, United States","406 East ST,Minerva, Ohio,44657-1429, United States",,"Jan 1, 1920","['Ashley Beaumariage', 'Gary Chaddock']","(blank), (blank)",Ohio 06
Minerva,MINERVA ELECTRIC LLC,YGXXHFJVLJ16,9DSH1,"106 Daleview CT,Richlands, North Carolina,28574-5335, United States","106 Daleview CT,Richlands, North Carolina,28574-5335, United States",,"Jan 11, 2021",['Michael Minerva'],"North Carolina, United States",North Carolina 03
Minerva,VILLAGE OF MINERVA,Q7JFY3PCFLP2,6E1F9,"209 N Market ST,Minerva, Ohio,44657-1638, United States","209 N Market Street,Minerva, Ohio,44657-1638, United States",https://minerva.oh.us/,"Jan 1, 1865","['Mason Boldizar', 'Benjamin Gunderson', 'Patricia Willoughby']","(blank), (blank)",Ohio 06
Minerva,MINERVA AREA FEDERAL CREDIT UNION,KDRGK6MW2CG6,7NFH2,"3570 Union AVE SE,Minerva, Ohio,44657-8521, United States","3570 Union AVE SE,Minerva, Ohio,44657-8521, United States",https://www.minervacreditunion.com/,"May 6, 1971",['Jane Yankovich'],"Ohio, United States",Ohio 06
Minerva,"MINERVA DAIRY, INC.",H48ABNR91DH3,8SNN8,"430 Radloff AVE,Minerva, Ohio,44657-1453, United States","PO Box 60,Minerva, Ohio,44657, United States",,"Dec 4, 1970","['Jennifer Stuller', 'Venae Watts']","Ohio, United States",Ohio 07
Minerva,MINERVA FERNANDEZ,TMRRP87J6DZ6,9XY51,"6156 W Belmont AVE,Chicago, Illinois,60634-4003, United States","6156 W Belmont AVE,Chicago, Illinois,60634-4003, United States",,"Mar 1, 2024",['Minerva Fernandez'],"Illinois, United States",Illinois 03
Minerva,"A-THRONE CO., INC.",VFKKMQM8K8N9,0N0F6,"1850 E 33RD ST,Long Beach, California,90807-5208, United States","1850 East 33RD Street,Long Beach, California,90807-5208, United States",http://www.athrone.com/,"Apr 1, 2004","['Michael Rice', 'Jaya Krishnan', 'Minerva Songco']","California, United States",California 47
"Prompt Diagnostics, Inc.","PROMPT DIAGNOSTICS, INC.",L28FVGJ715D7,8TGK1,"2401 W Belvedere AVE,Schapiro Building Room 313,Baltimore, Maryland,21215, United States","2921 Huntingdon AVE,Baltimore, Maryland,21211, United States",https://prompt-dx.com/,"Jul 29, 2020",['Alexander Trick'],"Delaware, United States",Maryland 07
Shadowgen,SHADOWGEN INC.,WL8CY7F1QLA6,0VQ46,"2409 Lockwood DR,Lakeside, Arizona,85929-5596, United States","2325 East Camelback RD.,Suite 400, #1007,Phoenix, Arizona,85016, United States",https://www.shadowgen.io/,"Jun 24, 2024","['Chad Gerber', 'Julie Gerber']","Delaware, United States",Arizona 02
Assisti,ASSISTIVE TECHNOLOGY INNOVATIONS LLC,ECXFJ4195AG5,83T83,"3503 Baywood Drive RM Home,Shreveport, Louisiana,71118-3603, United States","3503 Baywood Drive,Shreveport, Louisiana,71118-3603, United States",https://assistivetechnologyinnovations.com/,"Feb 10, 2016",['Richard Walls'],"Louisiana, United States",Louisiana 04
Effective to Great Education,EFFECTIVE TO GREAT EDUCATION LLC,QZSYFMDLA7P7,81B84,"5106 Jay ST NE,Washington, District Of Columbia,20019-5556, United States","5106 Jay ST NE,Washington, District Of Columbia,20019-5556, United States",,"Sep 18, 2017",['Laura Thomas'],"District Of Columbia, United States",District Of Columbia 98
EasyPay Inc,EASYPAY LEASING INC,D31YU73D65H8,65BJ5,"4323 Division ST STE 108,Metairie, Louisiana,70002-3179, United States","4342 Division Street,Suite 108,Metairie, Louisiana,70002-3179, United States",,"Feb 24, 2010",['Marvin Wilcher'],"Louisiana, United States",Louisiana 01
Amlal Pharmaceuticals,AMLAL PHARMACEUTICALS INC,UQN1CKG4QYL5,9TLF6,"209 Hosea AVE,Cincinnati, Ohio,45220-1705, United States","800 Highgrove Drive,Chapel Hill, North Carolina,27516, United States",,"Jul 1, 2020",['Daniel Krummel'],"Ohio, United States",Ohio 01
TeloHealthDx LLC,TELOHEALTHDX LLC,ZWK6WMUV43G5,(blank),"23003 Frederick RD,Clarksburg, Maryland,20871-9428, United States","23003 Frederick RD,Clarksburg, Maryland,20871-9428, United States",,"Aug 22, 2022",['Scarlett Sun'],"Delaware, United States",Maryland 06
AI CPT,"CA ENTERPRISE, LLC",L6BPGL7NKNM7,(blank),"2220 Lakewood Street,Suitland, Maryland,20746-1417, United States","2220 Lakewood Street,Suitland, Maryland,20746, United States",,"Oct 5, 2021","['Charlene Terrell', 'Mark Milley']","Maryland, United States",Maryland 04
"IM Technologies, LLC",IM TECHNOLOGIES LLC,LM98CNVAUTG5,8ETM5,"24 Robinson ST,Shoreham, New York,11786-2128, United States","24 Robinson ST,Shoreham, New York,11786-2128, United States",https://www.imtechllc.com/,"May 14, 2019",['Vasily Jorjadze'],"New York, United States",New York 01
Maruti,MARWELL GROUP INC,VDHJUS28VN63,(blank),"3062 Terra Maria WAY,Ellicott City, Maryland,21042-2700, United States","3062 Terra Maria WAY,Ellicott City, Maryland,21042-2700, United States",,"Sep 21, 2011",['Maruti Kambhampati'],"Maryland, United States",Maryland 03
Maruti,,,,"WARD NO. 13,NAPALGUNJ,(blank), NPL",,,,[],,
Maruti,,,,"1006 28TH ST,ORLANDO, FL,32805-6147, USA",,,,[],,
Maruti,KENDALE & CO INC,FKZYULMEEX69,0VBG8,"216 Strawtown RD,New City, New York,10956-6827, United States","216 Strawtown Road,New City, New York,10956-6827, United States",http://www.marstechusa.com/,"Jan 1, 1989","['Maruti Kendale', 'Rajani Kendale']","New York, United States",New York 17
Maruti,,,,"CARNIVORE ROAD, MARUTI HEIGHTS PLAZA,NAIROBI, LANGATA,00202, KEN",,,,[],,
Maruti,,,,"492 A NARAYAN PETHNEAR PATRYA MARUTI,PUNE,411030, IND",,,,[],,
Maruti,MARUTI HOSPITALITY LLC,TACLNMNKX8B2,7YHK4,"151 Tower RD,Dakota Dunes, South Dakota,57049-5072, United States","151 Tower RD,Dakota Dunes, South Dakota,57049-5072, United States",,"Dec 14, 2016",['Neil Chaudhari'],"South Dakota, United States",South Dakota 00
Maruti,"MARUTI FLEET & MGMT, LLC",UPTKBQQJNN95,5LWB5,"2301 S Division AVE,Orlando, Florida,32805-6232, United States","2301 South Division Avenue,Orlando, Florida,32805, United States",,"May 24, 2004","['Edurado Carrion', 'Gloria Martin']","Florida, United States",Florida 10
Maruti,"MARUTI INVESTMENTS, LLC",D1JVPDSJD5A4,87MA7,"9249 Sierra College BLVD,Roseville, California,95661-5934, United States","9249 Sierra College Boulevard,Roseville, California,95661-5919, United States",,"May 25, 2016",['Neelum Pitamber'],"California, United States",California 03
The Million,,,,"2512 W SUGAR CREEK RD,CHARLOTTE, NC,28262-3171, USA",,,,[],,
The Million,THE MILLION MILE PROJECT CORPORATION,VS6MML6HRCG7,(blank),"503 W 35TH ST,Wilmington, Delaware,19802-2642, United States","PO Box 49217,Los Angeles, California,90049, United States",https://www.themillionmileproject.org/,"Jul 29, 2022",['Lauren Cashatt'],"Delaware, United States",Delaware 00
Mizar Therapeutics,MIZAR THERAPEUTICS INC.,QTYLAVN4EJR6,9UUM6,"7 Mbl ST,Lillie 220,Woods Hole, Massachusetts,02543-1015, United States","PO Box 73,Woods Hole, Massachusetts,02543, United States",,"Dec 22, 2022","['Joel Smith', 'Onjale Scott']","Delaware, United States",Massachusetts 09
CICS Analytics,CICS ANALYTICS CORP.,GF13EZXALLX3,(blank),"3501 Saint Paul ST STE 702,Baltimore, Maryland,21218-2763, United States","3501 Saint Paul ST.,Suite 702,Baltimore, Maryland,21218, United States",,"Nov 4, 2024",['Sixuan Li'],"Delaware, United States",Maryland 07
Secura,"PTS LABORATORIES, INC.",L5LHWQ4GCU86,1K9B7,"8100 Secura WAY,Santa Fe Springs, California,90670-2116, United States","Pts Laboratories Inc,8100 Secura WAY,Santa Fe Springs, California,90670-2116, United States",http://www.ptslabs.com/,"Sep 24, 1992","['Eric Withjack', 'Michael Mark']","California, United States",California 38
Secura,,,,"611 US HIGHWAY 46 W STE 200,HASBROUCK HEIGHTS, NJ,07604-3129, USA",,,,[],,
Secura,PANTHER ENGINEERING INC,EM9LCBE5YFE6,8FEU4,"8118 Secura WAY,Santa Fe Springs, California,90670-2116, United States","8116 Secura WAY,Santa Fe Springs, California,90670-2116, United States",http://panthereng.com/,"Mar 7, 2019","['Victor Lavrov', 'Halit Osmani']","California, United States",California 38
Secura,LIETZAU PATTERNS INC,SKS4LKSP2ED1,7S6A1,"8321 Secura WAY,Santa Fe Springs, California,90670-2213, United States","8321 Secura WAY,Santa Fe Springs, California,90670-2213, United States",,"Jan 1, 2016",['Josh Lietzau'],"California, United States",California 38
Secura,PEGASUS PAINTING AND DECORATING COMPANY,M1W5ME26KL23,71BH1,"8400 Secura WAY,Santa Fe Springs, California,90670-2216, United States","8400 Secura WAY,Santa Fe Springs, California,90670, United States",,"Jul 1, 2013",['Wilmer Lee'],"California, United States",California 38
Secura,GASKET MANUFACTURING ENGINEERING INC,XYBJYGB86M29,8VWP8,"8427 Secura WAY,Santa Fe Springs, California,90670-2215, United States","8427 Secura WAY,Santa Fe Springs, California,90670-2215, United States",https://www.gasketmfg.com/,"Nov 24, 2020",['Adrian Cardenas'],"California, United States",California 38
Secura,ROSE EQUIPMENT REPAIR INC,N783X8CAMWJ8,84Q18,"8143 Secura WAY,Santa Fe Springs, California,90670-2115, United States","8143 Secura WAY,Santa Fe Springs, California,90670-2115, United States",,"Jan 22, 1979",['John Rose'],"California, United States",California 38
Secura,EMMA INDUSTRIAL,XH4YYTLLNRX3,9RDC1,"8133 Secura WAY,Santa Fe Springs, California,90670-2115, United States","8133 Secura WAY,Santa Fe Springs, California,90670, United States",https://emmaindustrial.com/,"Aug 25, 2023","['Josh Aranda', 'Simon Pun']","California, United States",California 38
Secura,"SCOTIA ENGINEERING, INC",M9BFPFFTDNP8,0Q1Q1,"8440 Secura WAY,Santa Fe Springs, California,90670-2216, United States","8440 Secura WAY,Santa Fe Springs, California,90670-2216, United States",https://www.scotiatool.com/,"Apr 1, 2013","['Christopher Matiszik', 'Mark Matiszik']","California, United States",California 38
Secura,SECURA TECH INDUSTRIES INC,XZL1W38PJSP6,8LHF9,"17467 Mary Ball RD,White Stone, Virginia,22578-2103, United States","17467 Mary Ball RD,White Stone, Virginia,22578-2103, United States",https://www.thelocksmithweb.com/,"Jan 3, 1994",['Brian Conboy'],"Virginia, United States",Virginia 01
Oratio,ORKEN TECHNOLOGIES LIMITED LIABILITY COMPANY,QLYMFWZ6N1B3,8MG06,"1420 Bradley DR APT 114F,Carlisle, Pennsylvania,17013-1265, United States","1420 Bradley DR APT 114F,Carlisle, Pennsylvania,17013-1265, United States",https://orkentech.com/,"Feb 27, 2010",['Oratio Thomas'],"Pennsylvania, United States",Pennsylvania 10
Oratio,ORATIO LLC,YKW6YNBTLBR3,7SB33,"3230 Market ST STE 402,Philadelphia, Pennsylvania,19104-3391, United States","3230 Market Street,Pearlstein - Suite 401,Philadelphia, Pennsylvania,19104, United States",http://www.oraiapp.com/,"May 13, 2016",['Asher Breverman'],"Pennsylvania, United States",Pennsylvania 02
Metabolic Dynamics,METABOLIC DYNAMICS INC,DWN3ESJ3VNN8,9FYL9,"3714 Eton RD,Durham, North Carolina,27707-5118, United States","3714 Eton RD,Durham, North Carolina,27707-5118, United States",https://www.metabolicdynamics.com/,"Jul 7, 2022",['Eric Cumming'],"Delaware, United States",North Carolina 04
Selah Innovations LLC,SELAH INNOVATIONS LLC,WXYFL7VK8NP4,(blank),"6212 Sandy Forks RD,Raleigh, North Carolina,27615-7206, United States","6212 Sandy Forks Road,Raleigh, North Carolina,27615, United States",,"May 26, 2023","['Laura Nelson', 'Sebastian Heredia']","North Carolina, United States",North Carolina 02
Semaphor (FKA Owlsted),SEMAPHOR SURGICAL INC,TG8XMJEG1N39,(blank),"1822 Notre Dame Avenue,Lutherville Timonium, Maryland,21093, United States","1822 Notre Dame Avenue,Lutherville Timonium, Maryland,21093, United States",,"Jun 10, 2024",['Jose Porras'],"Delaware, United States",Maryland 02
Nanocrine,"NANOCRINE, INC.",QH88DLKTLQM6,8KNM5,"4359 Metropolitan CT # 260,Frederick, Maryland,21704-9452, United States","4539 Metropolitan CT # 260,Frederick, Maryland,21704-9452, United States",,"Oct 29, 2018",['Patrick Calhoun'],"Delaware, United States",Maryland 06
Medulate,MEDULATE LLC,JZ6XDD99LCD1,(blank),"2418 Oak Leaf DR,State College, Pennsylvania,16803-3379, United States","2418 Oak Leaf DR,State College, Pennsylvania,16803-3379, United States",,"Oct 22, 2018",['Scarlett Miller'],"Pennsylvania, United States",Pennsylvania 15
OraBiotech,"ORABIOTECH, LLC",KF5LQ1X8QF87,92NV4,"1911 Billabong LN,Chapel Hill, North Carolina,27516-9753, United States","1911 Billabong LN,Chapel Hill, North Carolina,27516-9753, United States",,"Jun 18, 2021",['Rishma Shah'],"North Carolina, United States",North Carolina 04
HabilisGlobal,HABILISGLOBAL LLC,SR75KL12M249,9FW60,"5924 4TH Street NW,Washington, District Of Columbia,20011-2121, United States","5924 4TH Street NW,Washington, District Of Columbia,20011-2121, United States",https://habilisglobal.com/,"Sep 26, 2022",['Beatriz Coningham'],"District Of Columbia, United States",District Of Columbia 98
General Astronautics,"GENERAL ASTRONAUTICS, LLC",G2JMEJ2VE6G3,7CCM9,"8641 Old Dominion Drive,Mclean, Virginia,22102-1100, United States","PO Box 9651,Mclean, Virginia,22102, United States",,"Jan 28, 2014",['Paul Damphousse'],"Virginia, United States",Virginia 10
Heartwise,HEARTWISE PATIENT EDUCATION,FKP4WU5B6JY7,6WNP8,"293 Palm Ridge LN,San Jose, California,95123-2686, United States","PO Box 20128,San Jose, California,95160, United States",,"Jan 1, 1992",['Emmanuel Horovitz'],"California, United States",California 19
Holochip Corporation,HOLOCHIP CORP,PLRXAUJRGGT8,3BN47,"4030 Spencer ST STE 102,Torrance, California,90503-2457, United States","4030 Spencer ST,STE 102,Torrance, California,90503-2457, United States",https://holochip.com/,"Oct 20, 2004",['Robert Batchko'],"Delaware, United States",California 36
Sommos,,,,"AVENIDA ALMIRANTE BARROSO 00091 SAL 507 SAL 508,CENTRO,RIO DE JANEIRO,20031-916, BRA",,,,[],,
Ellexco,ELLEXCO LLC,DHCUEX9VDHJ5,(blank),"7503 Axton ST,Springfield, Virginia,22151-2602, United States","2311 Dulles Station BLVD APT 665,Herndon, Virginia,20171, United States",,"Jan 19, 2023",['Xitong Liu'],"Virginia, United States",Virginia 08
MEDLAND,WORD HIVE A SPACE FOR POETS INC.,ZNV1BN74HF97,(blank),"203 Walnut ST APT 1,Columbia, Pennsylvania,17512-2305, United States","203 Walnut ST APT 1,Columbia, Pennsylvania,17512-2305, United States",https://wordhive.org/,"Jun 26, 2021",['Glinda Johnson'],"Pennsylvania, United States",Pennsylvania 11
MEDLAND,TRAFFIC RESEARCH & ANALYSIS INC.,X19YND1HQJL5,1VWT0,"3844 E Indian School RD,Phoenix, Arizona,85018-5235, United States","3844 East Indian School RD.,Phoenix, Arizona,85018-5235, United States",,"Jan 28, 1989","['Robert Medland', 'Susan Medland', 'Wang Zhang', 'Lisa Walters', 'Dave Wessel']","Arizona, United States",Arizona 09
MEDLAND,"CHARLES INDUSTRIES, LLC",Q894MQVL73A1,74861,"1450 American LN FL 20,Schaumburg, Illinois,60173-6090, United States","1450 American LANE, 20TH Floor,Schaumburg, Illinois,60173-5492, United States",http://www.charlesindustries.com/,"Oct 25, 1968","['Dan Mchatton', 'Patty Schatz']","Illinois, United States",Illinois 08
Hope,PYRAMIND LLC,D5NRH79A9DG3,5FDP6,"523 Timber LN,Falls Church, Virginia,22046-3828, United States","523 Timber LN,Falls Church, Virginia,22046-3828, United States",http://www.pyramindsearch.com/,"Oct 16, 2001",['Hope Johnson'],"Virginia, United States",Virginia 08
Hope,"SANBAIR APARTMENT CONSULTING, L.L.C.",N9JAN44ADJW1,6Y8S5,"2901 W Sam Houston PKWY N STE B210,Houston, Texas,77043-1624, United States","2901 W Sam Houston PKWY N STE B210,Houston, Texas,77043-1624, United States",https://www.corporateapartmentnetwork.com/,"Jun 17, 2002",['Hope Sierra'],"Texas, United States",Texas 02
Hope,,,,"5244 N HOPE RD,HOPE, MI,48628-9330, USA",,,,[],,
Hope,"D & G HYDRAULICS, INC.",KN37SLRY9KR5,570R1,"6738 6TH ST SW,Cedar Rapids, Iowa,52404-4718, United States","PO Box 5511,Cedar Rapids, Iowa,52406-5511, United States",,"Aug 1, 2008",['Hope Mocon'],"Iowa, United States",Iowa 01
Hope,"HOPE GLASSBERG, LLC",N55VQLFWVMR5,121G2,"16 N Dutcher ST,Irvington, New York,10533-1518, United States","16 N Dutcher ST,Irvington, New York,10533-1518, United States",,"Jul 20, 2020",['Hope Glassberg'],"New York, United States",New York 16
Hope,HOPE CARTER,FMR1ZWLAEZ74,8RJT8,"6072 Bunt DR,Fort Wayne, Indiana,46816-1539, United States","6072 Bunt DR,Fort Wayne, Indiana,46816, United States",,"Sep 22, 2008",['Hope Carter'],"Indiana, United States",Indiana 03
Hope,"HOPE-GILL, CHARLES",N3DLMBKCH819,6H2U9,"849 Eagle Claw CT,Lake Mary, Florida,32746-4881, United States","849 Eagle Claw CT.,Lake Mary, Florida,32746-4881, United States",,"Jul 25, 2011",['Charles Hope'],"Florida, United States",Florida 07
Triangle Environmental,"TRIANGLE ENVIRONMENTAL SCIENCE & ENGINEERING, INC.",DJ4RLFNXTF77,52DE0,"17855 Elk Prairie DR,Rolla, Missouri,65401-8486, United States","Triangle Environmental Science And Engineering Inc,PO Box 1026,Rolla, Missouri,65401-3343, United States",http://www.triangleenvironmentalrolla.com/,"Jan 1, 1990",['John Cable'],"Missouri, United States",Missouri 08
Triangle Environmental,RESEARCH TRIANGLE ENVIRONMENTAL HEALTH COLLABORATIVE INC,C1EJDNK3SPB1,4NBA2,"9200 Leslieshire DR,Raleigh, North Carolina,27615-8103, United States","9200 Leslieshire Drive,Raleigh, North Carolina,27615-8103, United States",,"Jan 1, 2006",['David Brown'],"North Carolina, United States",North Carolina 02
Triangle Environmental,TRIANGLE ENVIRONMENTAL CONSULTANTS INC.,JN4CTNFWNG74,3TZG4,"878 Chatuge Crest Drive,Hayesville, North Carolina,28904-6800, United States","878 Chatuge Crest Drive,Hayesville , North Carolina,28904-6800, United States",,"Sep 21, 1988",['Robert Olander'],"Georgia, United States",North Carolina 11
Triangle Environmental,TRIANGLE ENVIRONMENTAL HEALTH INITIATIVE LLC,X6EJJK2HHMF1,7VS92,"105 Hood ST STE 3,Durham, North Carolina,27701-3794, United States","105 Hood ST STE 3,Durham, North Carolina,27701-3794, United States",https://www.triangle-environmental.com/,"Sep 9, 2016",['Jenelle Van'],"North Carolina, United States",North Carolina 04
Triangle Environmental,"TRIANGLE ENVIRONMENTAL SERVICE CENTER, INC.",NXNDD8NHGUQ1,7BLV0,"13509 E Boundary RD STE B,Midlothian, Virginia,23112-3940, United States","13509 E Boundary RD STE B,Midlothian, Virginia,23112-3940, United States",https://www.tesclab.com/,"Apr 8, 2007","['Jeff Jiang', 'Crystal Calhoun']","Virginia, United States",Virginia 07
SAVIOR,,,,"1492 WHITFIELD ST SE,SMYRNA, GA,30080-2210, USA",,,,[],,
SAVIOR,,,,"801 CHARLOTTE HWY,FAIRVIEW, NC,28730-9782, USA",,,,[],,
SAVIOR,,,,"423 FREMONT ST,KIEL, WI,53042-1316, USA",,,,[],,
SAVIOR,,,,"1120 DRAPER ST,BARABOO, WI,53913-3221, USA",,,,[],,
SAVIOR,,,,"7701 WYOMING BLVD NE,ALBUQUERQUE, NM,87109-5346, USA",,,,[],,
SAVIOR,,,,"5905 SW 10TH Ave,null,Topeka, KS,66604-2127, USA",,,,[],,
SAVIOR,,,,"98-1098 MOANALUA RD,AIEA, HI,96701-4632, USA",,,,[],,
SAVIOR,,,,"22 15 BROADWAY,FAIR LAWN, NJ,07410, USA",,,,[],,
SAVIOR,,,,"74-5540 KAIWI ST,KAILUA KONA, HI,96740-3653, USA",,,,[],,
Early Intervention Systems,"EARLY INTERVENTION SYSTEMS, INC.",LHVNEWY6NM73,8EJT7,"922 24TH ST NW APT 117,Washington, District Of Columbia,20037-2224, United States","922 24TH ST NW APT 117,Washington, District Of Columbia,20037-2224, United States",,"Aug 9, 2018",['Krishan Shah'],"Delaware, United States",District Of Columbia 98
Sonotherapeutics,"SONOTHERAPEUTICS, INC.",U8U5AJCYXL49,(blank),"10 Morgans Ridge LN,Durham, North Carolina,27707-5400, United States","10 Morgans Ridge LN,Durham, North Carolina,27707-5400, United States",,"Nov 19, 2024",['Kathlyne Jayne'],"Delaware, United States",North Carolina 04
Somnair (FKA SomnOSA),"SOMNAIR, INC",CPVVSA2KY5U3,(blank),"307 Washington AVE,Towson, Maryland,21204-4715, United States","307 Washington AVE,Towson, Maryland,21204-4715, United States",https://www.somnairsleep.com/,"Jul 3, 2024",['Anders Sideris'],"Delaware, United States",Maryland 02
Sikaram Laboratories,SKR CAROLINA LLC,PQUZXQ7ZVTR1,(blank),"625 Catalina Grande DR,Cary, North Carolina,27519-1008, United States","625 Catalina Grande DR,Cary, North Carolina,27519-1008, United States",,"Nov 30, 2023",['Maithraeyi Annamalai'],"North Carolina, United States",North Carolina 02
DiscOva,DISCOVA LLC,QC29MV97YEG3,(blank),"313 Winterthur LN,Newark, Delaware,19711-4147, United States","313 Winterthur LN,Newark, Delaware,19711-4147, United States",https://discova-health.com/,"Jan 23, 2024",['Leanne Pichay'],"Delaware, United States",Delaware 00
Illuminate Therapeutics,"ILLUMINATE THERAPEUTICS, INC.",WVLWH6J17CP5,9HSL5,"16 Aliso WAY,Portola Valley, California,94028-7527, United States","16 Aliso WAY,Portola Valley, California,94028, United States",,"Apr 12, 2022","['Don Arnold', 'Elizabeth Berezovsky']","Delaware, United States",California 16
Glycan Therapeutics,GLYCAN THERAPEUTICS CORPORATION,KYG3DZSMH4R7,6XZ77,"617 Hutton ST,STE 101,Raleigh, North Carolina,27606-6330, United States","PO Box 69,Carrboro, North Carolina,27510, United States",,"Mar 12, 2013","['Richard Shea', 'Jian Liu']","Delaware, United States",North Carolina 02
Hope Diagnostics LLC,HOPE DIAGNOSTICS LLC,DBCBUL4KFH47,93NH4,"1812 Ashland AVE STE 100,Baltimore, Maryland,21205-1546, United States","1812 Ashland AVE STE 100,Baltimore, Maryland,21205-1546, United States",,"Jun 14, 2021",['Bhuchitra Singh'],"Maryland, United States",Maryland 07
Hope Diagnostics LLC,HOPE DIAGNOSTICS LLC,DC9RK1DLACX9,6T0S0,"1 Broadway FL 14,Cambridge, Massachusetts,02142-1187, United States","1 Broadway FL 14,Cambridge, Massachusetts,02142-1187, United States",https://www.hopedx.com/,"Sep 20, 2012",['Susie Harborth'],"Delaware, United States",Massachusetts 07
Hope Diagnostics LLC,"LIGHT-HOPE DIAGNOSTICS, INC.",DU31Q8ZAWET3,0PQV9,"48 S Rio Grande ST,Salt Lake City, Utah,84101-1179, United States","6529 S, Sumac WAY,Murray, Utah,84121, United States",https://www.lighhopediagnostics.com/,"Jun 18, 2024",['Raushan Singh'],"Delaware, United States",Utah 02
EPY,"EPY SKYE PRODUCTIONS, LLC",D6SGYRFNZVM8,8TM67,"1126 Scenic Park TRL,Lawrenceville, Georgia,30046-7155, United States","1700 Northside DR NW,STE A7 Pmb 947,Atlanta, Georgia,30318, United States",https://www.eleireyes.com/,"Jul 20, 2020",['Eleidy Reyes'],"Georgia, United States",Georgia 07
VasTech,VASTECH CONTRACTING CORP,PLJ5JXGYMJ63,3JAH4,"154-19 26TH Avenue,Flushing, New York,11354-1517, United States","154-19 26TH Avenue,Flushing, New York,11354-1517, United States",,"Mar 30, 1999",['Vassilios Koutsidis'],"New York, United States",New York 06
VasTech,VASTECH LLC,C73NZ62PHFP1,8DUW3,"133 Silverbell LN,Sharpsburg, Georgia,30277-5217, United States","133 Silverbell LN,Sharpsburg, Georgia,30277, United States",https://www.vas-techllc.com/,"Jan 15, 2019",['Vastee Gilmore'],"Georgia, United States",Georgia 03
Salynt,SALYNT INC,TCHJNN153X97,99JM6,"8250 Miner ST,Greenbelt, Maryland,20770-4401, United States","2 Hopkins Plaza,Unit 2015,Baltimore, Maryland,21201, United States",https://salynt.io/,"Jul 28, 2021",['Jeremy Lawson'],"Delaware, United States",Maryland 04
Best Possible,INFORMATION SYSTEMS SECURITY EXPERTS,HQHMFTCVBCK1,75E40,"7622 Pleasantville WAY,Grovetown, Georgia,30813-1220, United States","7622 Pleasantville WAY,Grovetown, Georgia,30813, United States",http://www.is2e.org/,"Jun 16, 2014",['Pedro Collado'],"Georgia, United States",Georgia 12
"PFF, LLC",,,,"6035 LIVE OAK PL,SPRING, TX,77379-8822, USA",,,,[],,
"PFF, LLC",,,,"PLOT NO 38/48 PFF KANGUNDO ROAD,NAIROBI,(blank), KEN",,,,[],,
"PFF, LLC","PFF, INC.",NN7HHD8M2771,41CP2,"903 Industry WAY STE A,El Centro, California,92243-4616, United States","P.O. Box 899,Calipatria, California,92233, United States",,"Oct 12, 2001","['Andrew Rea', 'Misha Rea']","California, United States",California 25
"PFF, LLC","PFF, LLC",P25AZ6WDJ589,7SXE9,"7811 Hubble DR,Lanham, Maryland,20706-2494, United States","7811 Hubble DR,Lanham, Maryland,20706-2494, United States",,"Nov 16, 2016","['Kevin Lacey', 'Cassandra Lacey']","Maryland, United States",Maryland 04
Aidin,"993 HOLDING COMPANY, LLC",NQTWT5VNZPC6,11HS0,"710 Water ST,Darby, Montana,59829-9712, United States","710 Water ST,Darby, Montana,59829-9712, United States",,"Mar 11, 2025","['Devon Craychee', 'Aidin Ansari']","Montana, United States",Montana 01
Aidin,DGW TRANSPORTATION LLC,N5LEHA2ELSB4,9NPU7,"1510 N Harrison BLVD,Boise, Idaho,83702-2553, United States","1510 N Harrison BLVD,Boise, Idaho,83702-2553, United States",,"Aug 20, 2019",['Aidin Ansari'],"Colorado, United States",Idaho 02
Aidin,"TM ENERGETICS, INC.",RYY4EF3KD6V4,9WYL1,"7 Tally Ho LN,Framingham, Massachusetts,01701-3758, United States","7 Tally Ho LN,Framingham, Massachusetts,01701-3758, United States",https://tmenergetic.com/,"May 16, 2024",['Aidin Panahi'],"Delaware, United States",Massachusetts 05
Aidin,AIDIN TECHNOLOGIES PRIVATE LIMITED,JKG5GXYFC6G1,SYB13,"4022/A 1ST CROSS, Hal 2ND Stage Indira NAGAR,,Bangalore, Karnataka,560038, India","53/3-1 Kcdc Road Somasundarapalya Road,Kudlu Gram Gate Hosur Road,Bangalore, Karnataka,560068, India",,"Oct 12, 2008",['Harish Harohalli'],"(blank), India",Not Applicable
Aidin,"AIDIN, INC.",S9NXMGKQ2JM5,79F08,"300 Clinton AVE APT 3,Brooklyn, New York,11205-4753, United States","228 Park AVE S,Pmb 74445,New York, New York,10003-3067, United States",https://www.myaidin.com/,"Dec 27, 2011",['Chip Gerstenmaier'],"Delaware, United States",New York 07
Aidin,LA MISERICORDIA HOME CARE SERVICE LLC,QXYDV93X4LS4,87TV3,"1620 Mcclelland AVE # 2,Laredo, Texas,78040-4630, United States","1620 Mcclelland AVE # 2,Laredo, Texas,78040-4630, United States",,"Apr 29, 2009",['Mario Martinez'],"Texas, United States",Texas 28
Wait,STEVEN WAIT,XJDLKQQX9KB5,94YZ2,"3214 W Milton AVE,Saint Louis, Missouri,63114-2832, United States","1355 Layven Avenue,Florissant, Missouri,63031, United States",,"Mar 18, 2020",['Steven Wait'],"Missouri, United States",Missouri 01
Wait,"WAIT ROOFING & SEAMLESS GUTTER, INC.",RRDDULML8QB5,6BRS4,"1499 Beltline RD,Redding, California,96003-1409, United States","1499 Beltline RD.,Redding, California,96003-1409, United States",,"Nov 26, 1985",['Dan Wait'],"California, United States",California 01
Wait,PIN OAK FLAT CORPORATION,V4MTFTAW76E6,7ANL3,"21819 Wait TRL,Kirksville, Missouri,63501-7753, United States","21819 Wait TRL,Kirksville, Missouri,63501, United States",,"Jan 31, 1968",['Jerry Wait'],"Missouri, United States",Missouri 06
Wait,WAIT MECHANICAL INC,EFD4WY6N52C7,56U06,"7361 S Cooper ST,Arlington, Texas,76001-7011, United States","P O Box 150778,Arlington, Texas,76015-6778, United States",http://www.waitmechanical.com/,"Oct 1, 2001","['Jim Wait', 'Gladys Wait']","Texas, United States",Texas 25
Wait,"PLESS, NEOMA",M7GQBWWEJUG3,6XH17,"1064 W 5TH,Springfield, Colorado,81073-1217, United States","1064 W 5TH,Springfield, Colorado,81073-1217, United States",,"Jan 31, 2012",['Neoma Wait'],"Colorado, United States",Colorado 04
Wait,ROLLING THUNDER FARMS LLC,QW1PYBDXNLD1,91QJ2,"771 Main ST,Van Buren, Maine,04785-1501, United States","771 Main ST,Van Buren, Maine,04785-1501, United States",,"Apr 4, 2021",['Paul Wait'],"Maine, United States",Maine 02
Wait,BRW INC,DPUNKVY198V4,56D60,"6321 Forbing RD,Little Rock, Arkansas,72209-3533, United States","6321 Forbing Road,Little Rock, Arkansas,72209-3533, United States",,"Dec 13, 1988","['Bernard Wait', 'Beverly Wait']","Arkansas, United States",Arkansas 02
Wait,"METALCUT PRODUCTS, INC",XJG7H2S1TGL3,5WTM4,"1010 Marquette AVE,South Milwaukee, Wisconsin,53172-2511, United States","1010 Marquette AVE,South Milwaukee, Wisconsin,53172-2513, United States",https://metalcutproducts.com/,"Jun 1, 1965","['David Wait', 'Jason Wait']","Wisconsin, United States",Wisconsin 01
Wait,PALADIN CAREER & TECHNICAL HIGH SCHOOL,X14JG5CK2FA5,(blank),"10220 Goldenrod ST NW,Coon Rapids, Minnesota,55448-2689, United States","10220 Goldenrod ST NW,Coon Rapids, Minnesota,55448-2689, United States",,"Jul 1, 2002",['Brandon Wait'],"Minnesota, United States",Minnesota 03
Wait,"WEBBER RECREATIONAL DESIGN, INC",GGQ9SDBMES53,12T64,"1442 Brooke CT,Hastings, Minnesota,55033-3266, United States","1442 Brooke Court,Hastings , Minnesota,55033-3266, United States",,"Jan 1, 1995",['Cathy Wait'],"Minnesota, United States",Minnesota 02
Biogenic Solutions Consulting,BIOGENIC SOLUTIONS CONSULTING LLC,RDNPETKK6W65,8WN69,"127 Edmond DR,Newport News, Virginia,23606-2619, United States","127 Edmond Drive,Newport News, Virginia,23606, United States",https://www.biogenicsolutionsconsulting.com/,"Feb 27, 2014",['Russell Burke'],"Virginia, United States",Virginia 03
IntriCare,"INTRICARE, LLC",E8USLNXEB7K1,7DHN5,"1883 Glasgow AVE College Park,San Juan, Puerto Rico,00921-4820, United States","1353 Luis Vigoreaux AVE,Pmb 486,Guaynabo, Puerto Rico,00966, United States",https://www.intricarehealth.com/,"Apr 13, 2011",['Mary Ann'],"Puerto Rico, United States",Puerto Rico 98
AQ,,,,"Kaarinantie 700,Littoinen,20660, FIN",,,,[],,
AQ,,,,"VIA CAMILLO BENSO CONTE DI CAVOUR 369,AVEZZANO, AQ,67051, ITA",,,,[],,
AQ,,,,"27 AQUIDNECK AVE,MIDDLETOWN, RI,02842-5607, USA",,,,[],,
AQ,,,,"1477 NORVIEW AVE,NORFOLK, VA,23513-1552, USA",,,,[],,
AQ,,,,"AKSAY-5 MICRODISTRICT BUILDING 25, BLOCK 7, APT 5,ALMATY,(blank), KAZ",,,,[],,
AQ,,,,"3115 Same Way,Kingwood, TX,77339-3393, USA",,,,[],,
AQ,,,,"13738 Euclid Ave,East Cleveland, OH,44112-4220, USA",,,,[],,
AQ,,,,"508 KOLBO DR,ROUND ROCK, TX,78665-2164, USA",,,,[],,
AQ,,,,"120 Old Camplain Rd Ste 2D,Hillsborough, NJ,08844-4394, USA",,,,[],,
AQ,,,,"10408 ROSEFINCH DR NW,ALBUQUERQUE, NM,87114-1234, USA",,,,[],,
"Sunkara Wellness Technologies, Inc.","SUNKARA WELLNESS TECHNOLOGIES, INC.",M3R3QFNJJ7E8,(blank),"2809 Boston ST APT 232,Baltimore, Maryland,21224-4846, United States","2809 Boston ST APT 232,Baltimore, Maryland,21224-4846, United States",,"May 23, 2023",['Dylan Bruschi'],"Delaware, United States",Maryland 07
CurveAssure,,,,"2720 Dillon St,Baltimore, MD,21224-4707, USA",,,,[],,
HighFive,,,,"2516 E Northgate St,Indianapolis, IN,46220-2852, USA",,,,[],,
Sensify,SENSIFY INC,L7VRBEVWJCF4,9WCC4,"177 White Plains Road,APT 30 F,Tarrytown, New York,10591-5511, United States","321 Fargo Trail,Middleton, Wisconsin,53562, United States",,"Dec 13, 2021",['Subhanjan Mondal'],"New York, United States",New York 16
REINS,BOYS CLUB OF PARKERSBURG INC,Y4HXQL8Z84H4,65B82,"1200 Mary ST,Parkersburg, West Virginia,26101-4933, United States","1200 Mary ST,Parkersburg, West Virginia,26101-4933, United States",http://www.bgcparkersburg.org/,"May 1, 1963",['Lynn Reins'],"West Virginia, United States",West Virginia 02
REINS,ALCONA CONSERVATION DISTRICT,FVKBRWMNMD69,78K70,"320 S State ST,Harrisville, Michigan,48740-9408, United States","PO Box 291,Harrisville, Michigan,48740, United States",,"Jan 30, 1962",['Janet Reins'],"(blank), (blank)",Michigan 01
REINS,,,,"3285 ELKCAM BLVD,DELTONA, FL,32738-2584, USA",,,,[],,
REINS,,,,"N5405 CO RD A,PRENTICE, WI,54556, USA",,,,[],,
REINS,,,,"29224 COUNTY ROAD 125,DAKOTA, MN,55925-4182, USA",,,,[],,
REINS,THE BOYS & GIRLS CLUB OF WASHINGTON COUNTY,ZAH4YLX85NN7,707W9,"307 Lancaster ST,Marietta, Ohio,45750-2781, United States","307 Lancaster ST.,Suite 1,Marietta, Ohio,45750, United States",https://www.bgcwcoh.org/,"Oct 31, 2011",['Lynn Reins'],"Ohio, United States",Ohio 06
REINS,,,,"41025 Thomas Boat Landing Rd,Umatilla, FL,32784-9710, USA",,,,[],,
REINS,,,,"8000 Avalon Blvd Ste 850,Alpharetta, GA,30009-2474, USA",,,,[],,
REINS,,,,"60575 BILLADEAU RD,BEND, OR,97702-9338, USA",,,,[],,
REINS,HOPE REINS,KMY1JLZTYJK5,79TV4,"8420 Wake Forest HWY,Raleigh, North Carolina,27613-7438, United States","8420 Wake Forest Highway,WWW.HOPEREINS.ORG,Raleigh, North Carolina,27613, United States",https://www.hopereins.org/,"Oct 9, 2009",['Kim Tschirret'],"North Carolina, United States",North Carolina 04
"ScholasTech, LLC","SCHOLASTECH, LLC",UNLGYV3Y3HK9,7DJS1,"3019 Prentice AVE,Columbia, South Carolina,29205-3937, United States","3019 Prentice AVE,Columbia, South Carolina,29205-3937, United States",http://www.scholastechnology.com/,"Oct 15, 2014",['Stanley Dubinsky'],"South Carolina, United States",South Carolina 06
LifeGene-Biomarks,LIFEGENE- BIOMARKS INC,GGR9ABCTBGG5,7RTK5,"1612 AVE Ponce De Leon,San Juan, Puerto Rico,00909-1833, United States","1612 Avenida Ponce De Leon,First Floor,San Juan, Puerto Rico,00909-1833, United States",,"Oct 5, 2009",['Rafael Guerrero'],"Puerto Rico, United States",Puerto Rico 98
LeapFrog Design,SANITARY GREEN INCORPORATED,D6P3UNRMJU97,8D1K4,"2447 NE 4TH ST,STE 120,Bend, Oregon,97701-3638, United States","2447 NE 4TH ST,STE 120,Bend, Oregon,97701-3638, United States",,"Jul 11, 2019",['Nicholas Sund'],"Oregon, United States",Oregon 05
Pathway,,,,"21211 DRAKE RD,STRONGSVILLE, OH,44149-6622, USA",,,,[],,
Pathway,,,,"122 FOXBOROUGH LN,null,DURHAM, NC,27703, USA",,,,[],,
Pathway,PATHWAY MENTAL WELLNESS,F2NWR5XNVJG3,8UR11,"430 Cox RD,Greer, South Carolina,29651-7260, United States","430 Cox RD,Greer, South Carolina,29651-7260, United States",,"Jul 17, 2018",['Patricia Deane'],"South Carolina, United States",South Carolina 04
Pathway,,,,"3848 NE DIVISION ST,GRESHAM, OR,97030-4611, USA",,,,[],,
Pathway,,,,"1305 CONEY ISLAND AVE,BROOKLYN, NY,11230-3520, USA",,,,[],,
Pathway,,,,"7700 PARAGON RD STE A,null,DAYTON, OH,45459, USA",,,,[],,
Pathway,,,,"355 WOODRUFF RD STE 201,GREENVILLE, SC,29607-3494, USA",,,,[],,
Pathway,,,,"415 PISGAH CHURCH RD,GREENSBORO, NC,27455, USA",,,,[],,
Pathway,,,,"2318 Millerton Ln,null,Katy, TX,77450, USA",,,,[],,
Blaster,"BLASTER SERVICES, L.L.C.",TSKJW16Q6NG3,8D2J5,"14375 Bluff Pass DR,Prairieville, Louisiana,70769-3287, United States","14375 Bluff Pass DR,Prairieville, Louisiana,70769-5268, United States",,"Jul 19, 2019",['Keith Robinson'],"Louisiana, United States",Louisiana 02
Blaster,"B & B BLASTER, LLC",JYNMF7JYZ1Q3,8JA72,"15504 Broadfording RD,Clear Spring, Maryland,21722-1504, United States","15504 Broadfording Road,Clear Spring, Maryland,21722, United States",,"May 16, 2013",['Eric Bender'],"Maryland, United States",Maryland 06
Blaster,WEED BLASTER,UVGPL58KT687,7DA66,"611 9TH AVE E,Dickinson, North Dakota,58601-5484, United States","611 9TH AVE E,Dickinson, North Dakota,58601, United States",,"Aug 6, 2013",['Clint Miles'],"North Dakota, United States",North Dakota 00
Blaster,BLASTER TECH,Z5ECMHV5AEA5,9SG15,"20013 Thornlake AVE,Cerritos, California,90703-7654, United States","20013 Thornlake AVE,,Cerritos, Ca, California,90703-7654, United States",https://www.blastertek.com/,"Nov 15, 1993",['Goan Tjhan'],"California, United States",California 45
Blaster,SOLAR BLASTER LLC,S4B5M4WKLZU8,9NEX1,"16530 E Laser DR,STE 6,Fountain Hills, Arizona,85268-6598, United States","16530 E Laser DR,STE 6,Fountain Hills, Arizona,85268-6598, United States",https://www.solarblasterfans.com/,"Mar 11, 2011",['Tammy Rheaume'],"Arizona, United States",Arizona 01
Blaster,"CRETE BLASTER, LLC",U9RDUANHQ3Q5,9VA86,"737 E Morse ST,Dillon, Montana,59725-3021, United States","PO Box 172,Dillon, Montana,59725, United States",,"Mar 22, 2024",['Cody Zimmmerman'],"Montana, United States",Montana 01
Blaster,BIRD BLASTER OF NEW MEXICO,YXKHTPA9XWM1,52R73,"30931 Graceland DR,Albuquerque, New Mexico,87110-0000, United States","5607 Euclid NE,Albuquerque, New Mexico,87110-0000, United States",,"Mar 17, 2004",['Ron Thomas'],"(blank), (blank)",(blank)
Blaster,MASTER BLASTER OF COOS BAY LLC,E8SGNJGM5K45,91WP2,"93759 Bay Park LN,Coos Bay, Oregon,97420-3783, United States","PO Box 21,Coos Bay, Oregon,97420-3783, United States",https://www.masterblastercb.com/,"Apr 26, 2021",['Ann Velazquez'],"Oregon, United States",Oregon 04
Blaster,BLASTER COMMUNICATIONS INC,JH6FM33MFLY1,6F0T6,"29349 Fall Classic,Lake Elsinore, California,92530-4698, United States","29349 Fall Classic,Lake Elsinore, California,92530-4698, United States",https://www.tamperevidentbag.com/,"Jun 1, 2004",['Bobby Laster'],"California, United States",California 41
Blaster,MASTER BLASTER INC,RTZHL2ZWKKA3,3BGH5,"7287 Cole Vw,Colorado Springs, Colorado,80915-9704, United States","7287 Cole View,7287 Cole View,Colorado Springs, Colorado,80915-9704, United States",,"May 1, 1990","['Laura Rhodes', 'David Dillinger']","Colorado, United States",Colorado 05
EnviroScan,ENVIROSCAN INC,MAE1JZ5X9NP8,019Z6,"1051 Columbia AVE,Lancaster, Pennsylvania,17603-3130, United States","1051 Columbia Avenue,Lancaster, Pennsylvania,17603-3130, United States",http://www.enviroscan.com/,"Feb 18, 1992","['Felicia Bechtel', 'Geoffrey Stankiewicz']","Pennsylvania, United States",Pennsylvania 16
FUSI,"FUNSTEMATICS, LLC",T85UAK9BN9N8,7RBY4,"811 W Eastwood AVE APT 604,Chicago, Illinois,60640-6985, United States","811 W Eastwood AVE,APT 604,Chicago, Illinois,60640-6985, United States",https://www.funstematics.ai/,"Jul 1, 2015",[],"Illinois, United States",Illinois 09
FUSI,Z FUSI INC.,UCRBSGWD8LE7,8THT2,"1627 K ST NW STE 500,Washington, District Of Columbia,20006-1708, United States","1627 K ST NW STE 500,Washington, District Of Columbia,20006-1708, United States",,"Jun 6, 2020",['Leticia Alexander'],"District Of Columbia, United States",District Of Columbia 98
"VISIMO, LLC",VISIMO LLC,X854ZJDHWHJ5,8DR24,"520 E Main ST,Carnegie, Pennsylvania,15106-2051, United States","520 E Main Street,Suite 200,Carnegie, Pennsylvania,15106-2051, United States",https://www.visimo.ai/,"Feb 1, 2016","['Emma Lamberton', 'Alex Heit']","Pennsylvania, United States",Pennsylvania 17
Aptabridge Therapeutics Inc.,"APTABRIDGE THERAPEUTICS, INC.",UCYJY5RP56P6,9TD41,"516 South Patterson Park Avenue,Baltimore, Maryland,21231-3132, United States","516 S Patterson Park AVE,Baltimore, Maryland,21231, United States",https://www.aptabridge.com/,"Dec 27, 2021",['Wayne Cottle'],"Delaware, United States",Maryland 07
Kevt,KT & T DISTRIBUTORS INC,MSZHLYLZ5745,3H8M7,"472 Amherst ST Unit 12,Nashua, New Hampshire,03063-1204, United States","472 Amherst ST UNIT12,Nashua, New Hampshire,03063-1204, United States",http://www.kttdistributors.com/,"Feb 17, 1998","['Kevin Porter', 'Anthony Decotis']","New Hampshire, United States",New Hampshire 02
ALEO,PRESTIGE SECURITY SOLUTIONS INC,KRFKTKU5WWM8,8FPE4,"109 Mammoth RD,Lowell, Massachusetts,01854-2628, United States","109 Mammoth RD,Lowell, Massachusetts,01854-2628, United States",http://www.prestigesecuritysolution.com/,"Feb 12, 2018",['Jonathan Aleo'],"Massachusetts, United States",Massachusetts 03
ALEO,"LGND, LLC",HKZFHBM844Y8,09N42,"1775 Tysons BLVD Ofc 5143,Tysons, Virginia,22102-4284, United States","1775 Tysons BLVD Ofc 5143,Tysons, Virginia,22102-4284, United States",,"Sep 16, 2016","['William Hardee', 'Michael Aleo']","Maryland, United States",Virginia 11
ALEO,CENTRO CIENTIFICO TECNOLOGICO CONSEJO NACIONAL DE INVESTIGACIONES CIENTIFICAS Y TECNICAS MENDOZA,GBF8G7JLZYL3,WA613,"Avenida Adrian Ruiz Leal,Mendoza, Mendoza,5500, Argentina","Avenida Adrian Ruiz Leal,Mendoza, Mendoza,5500, Argentina",https://www.mendoza.conicet.gov.ar/portal,"Oct 2, 1972",['Jorgelina Altamirano'],"(blank), Argentina",Not Applicable
ALEO,ALEO BME INC,CL4JBKDVJD55,7E9W8,"200 Innovation BLVD,STE 210A,State College, Pennsylvania,16803-6602, United States","200 Innovation BLVD,STE 210A,State College, Pennsylvania,16803-6602, United States",https://www.aleobme.com/,"Apr 7, 2015",['Chao Liu'],"Delaware, United States",Pennsylvania 15
ALEO,ALEO SYSTEMS INC.,EPQHZUJZ6DS7,8R8M5,"34444 Valley Oaks Loop,Union City, California,94587-8015, United States","548 Market ST STE 16696,San Francisco, California,94104-5401, United States",https://aleo.org/,"Dec 2, 2019",['Michael Beller'],"Delaware, United States",California 15
ALEO,SERVICE CARE INDUSTRIES INC.,ETDLZK7UXUB9,8CT56,"23040 Schoenherr RD,Warren, Michigan,48089-2668, United States","23040 Schoenherr RD,Warren, Michigan,48089-2668, United States",https://www.servicecareinc.com/,"Aug 1, 2017",['Artil Leo'],"Michigan, United States",Michigan 10
ALEO,ALEO TECH LLC,V4BFULJM1BG4,9UG31,"2017 Hollyhedge LN,Indian Trail, North Carolina,28079-3680, United States","2017 Hollyhedge LN,Indian Trail, North Carolina,28079-3680, United States",,"Mar 6, 2024",['Heidy Artieda'],"North Carolina, United States",North Carolina 08
ALEO,"ALEO ENVIRONMENTAL ENTERPRISES, INCORPORATED",LUHUJUAHNQ61,5CTH8,"4444 Walzem RD STE 104,San Antonio, Texas,78218-2043, United States","4444 Walzem RD STE 104,San Antonio, Texas,78218-2043, United States",,"Nov 20, 2003",['Arlynn Huntsberry'],"Texas, United States",Texas 35
ALEO,MILTON FAMILY COMMUNITY CENTER INC.,PJMGGJGFUD73,4EGF6,"23 Villemaire LN,Milton, Vermont,05468-3792, United States","P. O. Box 619,Milton, Vermont,05468-3792, United States",https://miltonfamilycenter.org/,"May 1, 1985","['Melanie Dulude', 'Amy Leo', 'Nicole Sener']","Vermont, United States",Vermont 00
Domini,CENTRO STUDI DI GEOPOLITICA E STRATEGIA MARITTIMA,NDDAYF1BHC28,AU144,"Viale Dante Alighieri 22,Vittorio Veneto,31029, Italy","Viale Dante ALIGHIERI, 22,Vittorio Veneto, Treviso,31029, Italy",,"Feb 16, 2021","['Ludovico Domini', 'Roberto Domini']","(blank), Italy",Not Applicable
Domini,BLACKMERE TALENT ACQUISITION & CONSULTING LLC,NP91M2JFAFN6,6RCL4,"303 Coopers Crown LN,Austin, Texas,78738-1803, United States","1606 Headway Circle #9053,Austin, Texas,78754, United States",https://blackmereconsulting.com/government/,"Apr 22, 2011","['Megan Rueckert', 'Domini Clark']","Texas, United States",Texas 10
Domini,,,,"3131 SW 89TH ST,OKLAHOMA CITY, OK,73159-7905, USA",,,,[],,
Domini,OPTDX INC.,EK75M3L1RAY1,8RBP6,"11491 Old Ranch RD,Los Altos Hills, California,94024-6332, United States","11491 Old Ranch RD,Los Altos Hills, California,94024-6332, United States",https://www.optdx.com/,"Sep 2, 2020","['Jonathan Waldern', 'Domini Kelly']","California, United States",California 18
Domini,"ANGELUS DOMINI STAFFING SERVICES, LLC",UARKFDLGHXE6,8TLF7,"16610 Mystic Harbor LN,Houston, Texas,77095-4597, United States","16610 Mystic Harbor LN,Houston, Texas,77095-4597, United States",https://www.angelusdoministaffing.com/,"Oct 1, 2017",['Ramyr Martinez'],"Texas, United States",Texas 07
Domini,ANCILLA DOMINI COLLEGE INC,EL2FMAG72M81,4FP13,"9601 Union RD,Plymouth, Indiana,46563-9475, United States","PO Box 1,Donaldson, Indiana,46513-0001, United States",https://ancilla.edu/,"Aug 1, 1966","['Marcella Hopple', 'Kristin Rust']","Indiana, United States",Indiana 02
Domini,"VIA DOMINI LOGISTICS, LLC",S1DEAL82E2K4,9EVJ0,"9536 Princeton SQ BLVD South,Jacksonville, Florida,32256-0322, United States","8685 Baymeadows RD E 1302,Jacksonville, Florida,32256, United States",,"Aug 22, 2022",['Roguens Stinvil'],"Florida, United States",Florida 05
Domini,DTP THERMOELECTRICS LLC,NX9GVNE3UKP1,8SN84,"650 Sierra Madre Villa AVE STE 201,Pasadena, California,91107-2068, United States","650 Sierra Madre Villa AVE,STE 201,Pasadena, California,91107-2068, United States",https://dtpthermoelectrics.com/,"Jun 17, 2020","['Domini Rolette', 'Lon Bell', 'Doug Crane']","California, United States",California 28
Domini,ANGELUS DOMINI GROUP L.L.C,QFTMN1BYHQS3,82BB8,"540 Brickell Key DR APT 1203,Miami, Florida,33131-2845, United States","540 Brickell Key DR APT 1203,Miami, Florida,33131-2845, United States",,"Oct 12, 2017",['Barbara Charris'],"Florida, United States",Florida 27
Domini,NEW DOMINION CHORALE INC,DU6XDK1DCSM1,947G1,"7115 Penguin PL,Falls Church, Virginia,22043-1504, United States","P.O. Box 6691,Mclean, Virginia,22106, United States",https://www.newdominion.org/,"Jan 1, 1991","['Susan Gorsky', 'Susan Gilbert', 'Tina Mcmahan']","Virginia, United States",Virginia 08
